Symbol,Date,Open,High,Low,Close,Volume
173130,2016-12-20,4115,4115,4115,4115,0
173130,2016-12-21,4115,4115,4115,4115,0
173130,2016-12-22,4115,4115,4115,4115,0
173130,2016-12-23,4115,4115,4115,4115,0
173130,2016-12-26,4115,4115,4115,4115,0
173130,2016-12-27,4115,4115,4115,4115,0
173130,2016-12-28,4115,4115,4115,4115,0
173130,2016-12-29,4115,4115,4115,4115,0
173130,2017-01-02,4115,4115,4115,4115,0
173130,2017-01-03,4115,4115,4115,4115,0
173130,2017-01-04,4115,4115,4115,4115,0
173130,2017-01-05,4115,4115,4115,4115,0
173130,2017-01-06,4115,4115,4115,4115,0
173130,2017-01-09,4115,4115,4115,4115,0
173130,2017-01-10,4115,4115,4115,4115,0
173130,2017-01-11,4115,4115,4115,4115,0
173130,2017-01-12,4115,4115,4115,4115,0
173130,2017-01-13,4115,4115,4115,4115,0
173130,2017-01-16,4115,4115,4115,4115,0
173130,2017-01-17,4115,4115,4115,4115,0
173130,2017-01-18,4115,4115,4115,4115,0
173130,2017-01-19,4115,4115,4115,4115,0
173130,2017-01-20,4115,4115,4115,4115,0
173130,2017-01-23,4115,4115,4115,4115,0
173130,2017-01-24,4115,4115,4115,4115,0
173130,2017-01-25,4115,4115,4115,4115,0
173130,2017-01-26,4115,4115,4115,4115,0
173130,2017-01-31,4115,4115,4115,4115,0
173130,2017-02-01,4115,4115,4115,4115,0
173130,2017-02-02,4115,4115,4115,4115,0
173130,2017-02-03,4115,4115,4115,4115,0
173130,2017-02-06,4115,4115,4115,4115,0
173130,2017-02-07,4115,4115,4115,4115,0
173130,2017-02-08,4115,4115,4115,4115,0
173130,2017-02-09,4115,4115,4115,4115,0
173130,2017-02-10,4115,4115,4115,4115,0
173130,2017-02-13,4115,4115,4115,4115,0
173130,2017-02-14,4115,4115,4115,4115,0
173130,2017-02-15,4115,4115,4115,4115,0
173130,2017-02-16,4115,4115,4115,4115,0
173130,2017-02-17,4115,4115,4115,4115,0
173130,2017-02-20,4115,4115,4115,4115,0
173130,2017-02-21,4115,4115,4115,4115,0
173130,2017-02-22,4115,4115,4115,4115,0
173130,2017-02-23,4115,4115,4115,4115,0
173130,2017-02-24,4115,4115,4115,4115,0
173130,2017-02-27,4115,4115,4115,4115,0
173130,2017-02-28,4115,4115,4115,4115,0
173130,2017-03-02,4115,4115,4115,4115,0
173130,2017-03-03,4115,4115,4115,4115,0
173130,2017-03-06,4115,4115,4115,4115,0
173130,2017-03-07,4115,4115,4115,4115,0
173130,2017-03-08,4115,4115,4115,4115,0
173130,2017-03-09,4115,4115,4115,4115,0
173130,2017-03-10,4115,4115,4115,4115,0
173130,2017-03-13,4115,4115,4115,4115,0
173130,2017-03-14,4115,4115,4115,4115,0
173130,2017-03-15,4115,4115,4115,4115,0
173130,2017-03-16,4115,4115,4115,4115,0
173130,2017-03-17,4115,4115,4115,4115,0
173130,2017-03-20,4115,4115,4115,4115,0
173130,2017-03-21,4115,4115,4115,4115,0
173130,2017-03-22,4115,4115,4115,4115,0
173130,2017-03-23,4115,4115,4115,4115,0
173130,2017-03-24,4115,4115,4115,4115,0
173130,2017-03-27,4115,4115,4115,4115,0
173130,2017-03-28,4115,4115,4115,4115,0
173130,2017-03-29,4115,4115,4115,4115,0
173130,2017-03-30,4115,4115,4115,4115,0
173130,2017-03-31,4115,4115,4115,4115,0
173130,2017-04-03,4115,4115,4115,4115,0
173130,2017-04-04,4115,4115,4115,4115,0
173130,2017-04-05,4115,4115,4115,4115,0
173130,2017-04-06,4115,4115,4115,4115,0
173130,2017-04-07,4115,4115,4115,4115,0
173130,2017-04-10,4115,4115,4115,4115,0
173130,2017-04-11,4115,4115,4115,4115,0
173130,2017-04-12,4115,4115,4115,4115,0
173130,2017-04-13,4115,4115,4115,4115,0
173130,2017-04-14,4115,4115,4115,4115,0
173130,2017-04-17,4115,4115,4115,4115,0
173130,2017-04-18,4115,4115,4115,4115,0
173130,2017-04-19,4115,4115,4115,4115,0
173130,2017-04-20,4115,4115,4115,4115,0
173130,2017-04-21,4115,4115,4115,4115,0
173130,2017-04-24,4115,4115,4115,4115,0
173130,2017-04-25,4115,4115,4115,4115,0
173130,2017-04-26,4115,4115,4115,4115,0
173130,2017-04-27,4115,4115,4115,4115,0
173130,2017-04-28,4115,4115,4115,4115,0
173130,2017-05-02,4115,4115,4115,4115,0
173130,2017-05-04,4115,4115,4115,4115,0
173130,2017-05-08,4115,4115,4115,4115,0
173130,2017-05-10,4115,4115,4115,4115,0
173130,2017-05-11,4115,4115,4115,4115,0
173130,2017-05-12,4115,4115,4115,4115,0
173130,2017-05-15,4115,4115,4115,4115,0
173130,2017-05-16,4115,4115,4115,4115,0
173130,2017-05-17,4115,4115,4115,4115,0
173130,2017-05-18,4115,4115,4115,4115,0
173130,2017-05-19,4115,4115,4115,4115,0
173130,2017-05-22,4115,4115,4115,4115,0
173130,2017-05-23,4115,4115,4115,4115,0
173130,2017-05-24,4115,4115,4115,4115,0
173130,2017-05-25,4115,4115,4115,4115,0
173130,2017-05-26,4115,4115,4115,4115,0
173130,2017-05-29,4115,4115,4115,4115,0
173130,2017-05-30,4115,4115,4115,4115,0
173130,2017-05-31,4115,4115,4115,4115,0
173130,2017-06-01,4115,4115,4115,4115,0
173130,2017-06-02,4115,4115,4115,4115,0
173130,2017-06-05,4115,4115,4115,4115,0
173130,2017-06-07,4115,4115,4115,4115,0
173130,2017-06-08,4115,4115,4115,4115,0
173130,2017-06-09,4115,4115,4115,4115,0
173130,2017-06-12,4115,4115,4115,4115,0
173130,2017-06-13,4115,4115,4115,4115,0
173130,2017-06-14,4115,4115,4115,4115,0
173130,2017-06-15,4115,4115,4115,4115,0
173130,2017-06-16,4115,4115,4115,4115,0
173130,2017-06-19,4115,4115,4115,4115,0
173130,2017-06-20,4115,4115,4115,4115,0
173130,2017-06-21,4115,4115,4115,4115,0
173130,2017-06-22,4115,4115,4115,4115,0
173130,2017-06-23,4115,4115,4115,4115,0
173130,2017-06-26,4115,4115,4115,4115,0
173130,2017-06-27,4115,4115,4115,4115,0
173130,2017-06-28,4115,4115,4115,4115,0
173130,2017-06-29,4115,4115,4115,4115,0
173130,2017-06-30,4115,4115,4115,4115,0
173130,2017-07-03,4115,4115,4115,4115,0
173130,2017-07-04,4115,4115,4115,4115,0
173130,2017-07-05,4115,4115,4115,4115,0
173130,2017-07-06,4115,4115,4115,4115,0
173130,2017-07-07,4115,4115,4115,4115,0
173130,2017-07-10,4115,4115,4115,4115,0
173130,2017-07-11,4115,4115,4115,4115,0
173130,2017-07-12,4115,4115,4115,4115,0
173130,2017-07-13,4115,4115,4115,4115,0
173130,2017-07-14,4115,4115,4115,4115,0
173130,2017-07-17,4115,4115,4115,4115,0
173130,2017-07-18,4115,4115,4115,4115,0
173130,2017-07-19,4115,4115,4115,4115,0
173130,2017-07-20,4115,4115,4115,4115,0
173130,2017-07-21,4115,4115,4115,4115,0
173130,2017-07-24,4115,4115,4115,4115,0
173130,2017-07-25,4115,4115,4115,4115,0
173130,2017-07-26,4115,4115,4115,4115,0
173130,2017-07-27,4115,4115,4115,4115,0
173130,2017-07-28,4115,4115,4115,4115,0
173130,2017-07-31,4115,4115,4115,4115,0
173130,2017-08-01,4115,4115,4115,4115,0
173130,2017-08-02,4115,4115,4115,4115,0
173130,2017-08-03,4115,4115,4115,4115,0
173130,2017-08-04,4115,4115,4115,4115,0
173130,2017-08-07,3990,3990,3990,3990,500
173130,2017-08-08,3990,3990,3990,3990,0
173130,2017-08-09,3990,3990,3990,3990,0
173130,2017-08-10,3990,3990,3990,3990,0
173130,2017-08-11,3990,3990,3990,3990,0
173130,2017-08-14,3990,3990,3990,3990,0
173130,2017-08-16,3990,3990,3990,3990,0
173130,2017-08-17,3990,3990,3990,3990,0
173130,2017-08-18,3990,3990,3990,3990,0
173130,2017-08-21,3990,3990,3990,3990,0
173130,2017-08-22,3990,3990,3990,3990,0
173130,2017-08-23,3990,3990,3990,3990,0
173130,2017-08-24,3990,3990,3990,3990,0
173130,2017-08-25,3990,3990,3990,3990,0
173130,2017-08-28,3990,3990,3990,3990,0
173130,2017-08-29,3990,3990,3990,3990,0
173130,2017-08-30,3990,3990,3990,3990,0
173130,2017-08-31,3990,3990,3990,3990,0
173130,2017-09-01,3990,3990,3990,3990,0
173130,2017-09-04,3990,3990,3990,3990,0
173130,2017-09-05,3990,3990,3990,3990,0
173130,2017-09-06,3990,3990,3990,3990,0
173130,2017-09-07,4000,4000,4000,4000,11160
173130,2017-09-08,4000,4000,4000,4000,0
173130,2017-09-11,4000,4000,4000,4000,0
173130,2017-09-12,4000,4000,4000,4000,0
173130,2017-09-13,4000,4000,4000,4000,0
173130,2017-09-14,4000,4000,4000,4000,0
173130,2017-09-15,4000,4000,4000,4000,0
173130,2017-09-18,4000,4000,4000,4000,0
173130,2017-09-19,4000,4000,4000,4000,0
173130,2017-09-20,4000,4000,4000,4000,0
173130,2017-09-21,4000,4000,4000,4000,0
173130,2017-09-22,4000,4000,4000,4000,0
173130,2017-09-25,4000,4000,4000,4000,0
173130,2017-09-26,4000,4000,4000,4000,0
173130,2017-09-27,4000,4000,4000,4000,0
173130,2017-09-28,4000,4000,4000,4000,0
173130,2017-09-29,4000,4000,4000,4000,0
173130,2017-10-10,4000,4000,4000,4000,0
173130,2017-10-11,4000,4000,4000,4000,0
173130,2017-10-12,4000,4000,4000,4000,0
173130,2017-10-13,4000,4000,4000,4000,0
173130,2017-10-16,4000,4000,4000,4000,0
173130,2017-10-17,4000,4000,4000,4000,0
173130,2017-10-18,4000,4000,4000,4000,0
173130,2017-10-19,4000,4000,4000,4000,0
173130,2017-10-20,4000,4000,4000,4000,0
173130,2017-10-23,4000,4000,4000,4000,0
173130,2017-10-24,4000,4000,4000,4000,0
173130,2017-10-25,4000,4000,4000,4000,0
173130,2017-10-26,4000,4000,4000,4000,0
173130,2017-10-27,4000,4000,4000,4000,0
173130,2017-10-30,4000,4000,4000,4000,0
173130,2017-10-31,4000,4000,4000,4000,0
173130,2017-11-01,4000,4000,4000,4000,0
173130,2017-11-02,4000,4000,4000,4000,0
173130,2017-11-03,4000,4000,4000,4000,0
173130,2017-11-06,4000,4000,4000,4000,0
173130,2017-11-07,4000,4000,4000,4000,0
173130,2017-11-08,4000,4000,4000,4000,0
173130,2017-11-09,4000,4000,4000,4000,0
173130,2017-11-10,4000,4000,4000,4000,0
173130,2017-11-13,4000,4000,4000,4000,0
173130,2017-11-14,4000,4000,4000,4000,0
173130,2017-11-15,4000,4000,4000,4000,0
173130,2017-11-16,4000,4000,4000,4000,0
173130,2017-11-17,4000,4000,4000,4000,0
173130,2017-11-20,4000,4000,4000,4000,0
173130,2017-11-21,4000,4000,4000,4000,0
173130,2017-11-22,4000,4000,4000,4000,0
173130,2017-11-23,4000,4000,4000,4000,0
173130,2017-11-24,4000,4000,4000,4000,0
173130,2017-11-27,4000,4000,4000,4000,0
173130,2017-11-28,4000,4000,4000,4000,0
173130,2017-11-29,4000,4000,4000,4000,0
173130,2017-11-30,4000,4000,4000,4000,0
173130,2017-12-01,4000,4000,4000,4000,0
173130,2017-12-04,4000,4000,4000,4000,0
173130,2017-12-05,4000,4000,4000,4000,0
173130,2017-12-06,4000,4000,4000,4000,0
173130,2017-12-07,4000,4000,4000,4000,0
173130,2017-12-08,4000,4000,4000,4000,0
173130,2017-12-11,4000,4000,4000,4000,0
173130,2017-12-12,4000,4000,4000,4000,0
173130,2017-12-13,4000,4000,4000,4000,0
173130,2017-12-14,4000,4000,4000,4000,0
173130,2017-12-15,4000,4000,4000,4000,0
173130,2017-12-18,4000,4000,4000,4000,0
173130,2017-12-19,4000,4000,4000,4000,0
173130,2017-12-20,4000,4000,4000,4000,0
173130,2017-12-21,4000,4000,4000,4000,0
173130,2017-12-22,4000,4000,4000,4000,0
173130,2017-12-26,4000,4000,4000,4000,0
173130,2017-12-27,4000,4000,4000,4000,0
173130,2017-12-28,4050,4050,4050,4050,0
173130,2018-01-02,4050,4050,4050,4050,0
173130,2018-01-03,4050,4050,4050,4050,0
173130,2018-01-04,4050,4050,4050,4050,0
173130,2018-01-05,4050,4050,4050,4050,0
173130,2018-01-08,4050,4050,4050,4050,0
173130,2018-01-09,4050,4050,4050,4050,0
173130,2018-01-10,4050,4050,4050,4050,0
173130,2018-01-11,4050,4050,4050,4050,0
173130,2018-01-12,4050,4050,4050,4050,0
173130,2018-01-15,4050,4050,4050,4050,0
173130,2018-01-16,4050,4050,4050,4050,0
173130,2018-01-17,4050,4050,4050,4050,0
173130,2018-01-18,4050,4050,4050,4050,0
173130,2018-01-19,4050,4050,4050,4050,0
173130,2018-01-22,4050,4050,4050,4050,0
173130,2018-01-23,4050,4050,4050,4050,0
173130,2018-01-24,4050,4050,4050,4050,0
173130,2018-01-25,4050,4050,4050,4050,0
173130,2018-01-26,4050,4050,4050,4050,0
173130,2018-01-29,4050,4050,4050,4050,0
173130,2018-01-30,4050,4050,4050,4050,0
173130,2018-01-31,4050,4050,4050,4050,0
173130,2018-02-01,4160,4160,4160,4160,500
173130,2018-02-02,4160,4160,4160,4160,0
173130,2018-02-05,4200,4200,4200,4200,0
173130,2018-02-06,4200,4200,4200,4200,0
173130,2018-02-07,4200,4200,4200,4200,0
173130,2018-02-08,4200,4200,4200,4200,0
173130,2018-02-09,4200,4200,4200,4200,450
173130,2018-02-12,4200,4200,4200,4200,0
173130,2018-02-13,4200,4200,4200,4200,0
173130,2018-02-14,4200,4200,4200,4200,0
173130,2018-02-19,4200,4200,4200,4200,0
173130,2018-02-20,4200,4200,4200,4200,0
173130,2018-02-21,4200,4200,4200,4200,0
173130,2018-02-22,4200,4200,4200,4200,0
173130,2018-02-23,4200,4200,4200,4200,0
173130,2018-02-26,4470,4470,4470,4470,0
173130,2018-02-27,4470,4470,4470,4470,0
173130,2018-02-28,4475,4475,4475,4475,0
173130,2018-03-02,4475,4475,4475,4475,0
173130,2018-03-05,4475,4475,4475,4475,0
173130,2018-03-06,4475,4475,4475,4475,0
173130,2018-03-07,4475,4475,4475,4475,0
173130,2018-03-08,4475,4475,4475,4475,0
173130,2018-03-09,4475,4475,4475,4475,0
173130,2018-03-12,4475,4475,4475,4475,0
173130,2018-03-13,5000,5100,5000,5100,100
173130,2018-03-14,5100,5100,5100,5100,0
173130,2018-03-15,5100,5100,5100,5100,0
173130,2018-03-16,5860,5860,5860,5860,100
173130,2018-03-19,6700,6730,6700,6730,3684
173130,2018-03-20,7700,7730,7700,7700,2600
173130,2018-03-21,7700,7700,7700,7700,0
173130,2018-03-22,7700,7700,7700,7700,0
173130,2018-03-23,7700,7700,7700,7700,0
173130,2018-03-26,7000,7000,7000,7000,304
173130,2018-03-27,7000,7000,7000,7000,0
173130,2018-03-28,7000,7000,7000,7000,0
173130,2018-03-29,7000,7000,7000,7000,0
173130,2018-03-30,7400,7400,7400,7400,100
173130,2018-04-02,7400,7400,7400,7400,0
173130,2018-04-03,7400,7400,7400,7400,0
173130,2018-04-04,7400,7400,7400,7400,0
173130,2018-04-05,7600,7600,7600,7600,200
173130,2018-04-06,8300,8300,8300,8300,4606
173130,2018-04-09,9500,9510,9500,9510,4114
173130,2018-04-10,9510,9510,9500,9500,100
173130,2018-04-11,9500,9500,9500,9500,200
173130,2018-04-12,9500,9500,9500,9500,839
173130,2018-04-13,9500,9500,9500,9500,0
173130,2018-04-16,9500,9500,9500,9500,0
173130,2018-04-17,9500,9500,9500,9500,0
173130,2018-04-18,9470,9470,9470,9470,0
173130,2018-04-19,9470,9470,9470,9470,0
173130,2018-04-20,9470,9470,9470,9470,0
173130,2018-04-23,9470,9470,9470,9470,0
173130,2018-04-24,9470,9470,9470,9470,0
173130,2018-04-25,9470,9470,9470,9470,0
173130,2018-04-26,9470,9470,9470,9470,0
173130,2018-04-27,9470,9470,9470,9470,0
173130,2018-04-30,9470,9470,9470,9470,0
173130,2018-05-02,9470,9470,9470,9470,0
173130,2018-05-03,9470,9470,9470,9470,0
173130,2018-05-04,9470,9470,9470,9470,0
173130,2018-05-08,9470,9470,9470,9470,0
173130,2018-05-09,9470,9470,9470,9470,0
173130,2018-05-10,9470,9470,9470,9470,0
173130,2018-05-11,9470,9470,9470,9470,0
173130,2018-05-14,10100,10100,10100,10100,10000
173130,2018-05-15,10150,11600,10150,11000,1591
173130,2018-05-16,11200,11200,11150,11150,900
173130,2018-05-17,11300,12700,11200,12450,1293
173130,2018-05-18,11300,12000,11150,11750,12498
173130,2018-05-21,12950,12950,10450,11150,3304
173130,2018-05-23,11000,11000,9800,10150,1983
173130,2018-05-24,10200,10750,10000,10550,752
173130,2018-05-25,10200,10450,9900,10450,302
173130,2018-05-28,10500,10500,9510,9510,5474
173130,2018-05-29,9540,9870,9510,9870,740
173130,2018-05-30,9780,9780,9050,9780,512
173130,2018-05-31,9770,9770,9770,9770,881
173130,2018-06-01,9700,10300,9610,10300,12654
173130,2018-06-04,10300,11400,10000,11400,13581
173130,2018-06-05,12400,12400,11300,12400,2936
173130,2018-06-07,13500,13500,12000,12200,6209
173130,2018-06-08,12200,12200,12150,12200,1505
173130,2018-06-11,12200,13000,11900,12200,4478
173130,2018-06-12,12200,13000,12150,12500,6116
173130,2018-06-14,12500,12500,11700,12200,2148
173130,2018-06-15,12200,12200,12000,12150,805
173130,2018-06-18,12150,12150,11700,11800,1331
173130,2018-06-19,11900,11900,11150,11400,718
173130,2018-06-20,11400,11900,11100,11550,119
173130,2018-06-21,11550,11550,11200,11500,618
173130,2018-06-22,11200,11400,11000,11350,2918
173130,2018-06-25,11350,11650,11300,11650,515
173130,2018-06-26,11650,11650,11000,11650,2040
173130,2018-06-27,11450,12950,11450,12950,19312
173130,2018-06-28,14700,14700,14700,14700,1
173130,2018-06-29,15950,15950,12550,12550,5395
173130,2018-07-02,13000,13000,11900,12000,10410
173130,2018-07-03,12000,12550,12000,12500,16146
173130,2018-07-04,12500,12700,12000,12700,4711
173130,2018-07-05,12250,12900,12250,12800,8764
173130,2018-07-06,12900,12900,11500,12350,10518
173130,2018-07-09,12200,12600,11500,12200,11177
173130,2018-07-10,11950,12000,11500,11750,14926
173130,2018-07-11,11750,11750,11300,11750,1915
173130,2018-07-12,11700,11750,10000,10700,16081
173130,2018-07-13,10500,10600,10000,10450,26435
173130,2018-07-16,10450,10450,10000,10350,2539
173130,2018-07-17,10350,10850,10350,10850,2389
173130,2018-07-18,10150,11400,10150,11350,5279
173130,2018-07-19,11350,11350,10700,11000,3979
173130,2018-07-20,10900,11350,10900,11350,19379
173130,2018-07-23,11400,11950,11400,11800,5235
173130,2018-07-24,11500,11800,11500,11800,12
173130,2018-07-25,11700,11800,11450,11800,171
173130,2018-07-26,11400,12650,11150,11300,1881
173130,2018-07-27,11350,11700,11250,11700,2089
173130,2018-07-30,11800,12450,11400,12450,12030
173130,2018-07-31,12400,12450,12000,12350,2797
173130,2018-08-01,12350,12350,11750,12000,3085
173130,2018-08-02,13150,13150,12500,12750,6501
173130,2018-08-03,12200,12300,12000,12000,5812
173130,2018-08-06,12050,12750,12050,12750,21231
173130,2018-08-07,12950,13400,12700,12750,7804
173130,2018-08-08,13000,13700,13000,13650,9837
173130,2018-08-09,13800,14000,13650,13900,10717
173130,2018-08-10,13900,15500,13900,15250,12699
173130,2018-08-13,16000,16300,15300,15600,5617
173130,2018-08-14,15900,16100,15300,16100,12638
173130,2018-08-16,16100,16300,15600,15700,6271
173130,2018-08-17,16250,16550,15900,16550,11979
173130,2018-08-20,16550,17000,16500,17000,9652
173130,2018-08-21,17500,17500,16600,16750,6115
173130,2018-08-22,16950,17500,16750,17500,11264
173130,2018-08-23,17500,17900,16000,16950,11048
173130,2018-08-24,18000,19600,13850,14200,3157307
173130,2018-08-24,6115,6659,4705,4825,3157307
173130,2018-08-27,14350,14700,13450,14500,522961
173130,2018-08-27,4875,4994,4569,4927,522961
173130,2018-08-28,14650,14750,13850,13850,198468
173130,2018-08-28,4977,5011,4705,4706,198468
173130,2018-08-29,13850,14050,13300,13450,197124
173130,2018-08-29,4705,4773,4518,4570,197124
173130,2018-08-30,13550,13650,12900,13250,193880
173130,2018-08-30,4603,4637,4382,4502,193880
173130,2018-08-31,13250,14400,13200,13200,341119
173130,2018-08-31,4501,4892,4484,4485,341119
173130,2018-09-03,13450,13500,13000,13200,90972
173130,2018-09-03,4569,4586,4416,4485,90972
173130,2018-09-04,13200,13500,13000,13050,126629
173130,2018-09-04,4484,4586,4416,4434,126629
173130,2018-09-05,13400,13400,12800,13100,144396
173130,2018-09-05,4552,4552,4349,4451,144396
173130,2018-09-06,13100,13100,12500,12550,155807
173130,2018-09-06,4450,4450,4247,4264,155807
173130,2018-09-07,12550,12700,11950,12250,146959
173130,2018-09-07,4264,4315,4060,4162,146959
173130,2018-09-10,12200,12300,11800,11800,105289
173130,2018-09-10,4145,4179,4009,4009,105289
173130,2018-09-11,11700,12200,11700,11850,83801
173130,2018-09-11,3975,4145,3975,4026,83801
173130,2018-09-12,12050,12750,11900,12100,168022
173130,2018-09-12,4094,4332,4043,4111,168022
173130,2018-09-13,12200,12300,11800,12100,79713
173130,2018-09-13,4145,4179,4009,4111,79713
173130,2018-09-14,12100,12200,11850,12000,74447
173130,2018-09-14,4111,4145,4026,4077,74447
173130,2018-09-17,12050,12450,11900,12300,132601
173130,2018-09-17,4094,4230,4043,4179,132601
173130,2018-09-18,12200,12400,12050,12050,78159
173130,2018-09-18,4145,4213,4094,4094,78159
173130,2018-09-19,12150,12800,12100,12400,198591
173130,2018-09-19,4128,4349,4111,4213,198591
173130,2018-09-20,12300,12300,11900,12200,69082
173130,2018-09-20,4179,4179,4043,4145,69082
173130,2018-09-21,12150,12400,11950,11950,71979
173130,2018-09-21,4128,4213,4060,4060,71979
173130,2018-09-27,12000,12100,11750,11850,29557
173130,2018-09-27,4077,4111,3992,4026,29557
173130,2018-09-28,11750,11850,11300,11450,115029
173130,2018-09-28,3992,4026,3839,3890,115029
173130,2018-10-01,11300,11400,11000,11350,60387
173130,2018-10-01,3839,3873,3737,3856,60387
173130,2018-10-02,11300,11300,10850,10850,49956
173130,2018-10-02,3839,3839,3686,3686,49956
173130,2018-10-04,10900,11000,10100,10100,79122
173130,2018-10-04,3703,3737,3431,3432,79122
173130,2018-10-05,10250,10450,9890,9950,90191
173130,2018-10-05,3482,3550,3360,3381,90191
173130,2018-10-08,9960,10450,9860,9940,91543
173130,2018-10-08,3384,3550,3350,3377,91543
173130,2018-10-10,10000,10000,9490,9580,76816
173130,2018-10-10,3397,3397,3224,3255,76816
173130,2018-10-11,9290,9480,9000,9000,65035
173130,2018-10-11,3156,3220,3057,3058,65035
173130,2018-10-12,9140,9200,9000,9040,51269
173130,2018-10-12,3105,3125,3057,3071,51269
173130,2018-10-15,9050,9350,8970,9320,45223
173130,2018-10-15,3074,3176,3047,3167,45223
173130,2018-10-16,9230,9450,9190,9240,30874
173130,2018-10-16,3136,3210,3122,3139,30874
173130,2018-10-17,9250,9800,9250,9490,104857
173130,2018-10-17,3142,3329,3142,3224,104857
173130,2018-10-18,9380,9650,9300,9450,31181
173130,2018-10-18,3187,3278,3159,3211,31181
173130,2018-10-19,9340,9340,9010,9210,25884
173130,2018-10-19,3173,3173,3061,3129,25884
173130,2018-10-22,9210,9400,9000,9180,43843
173130,2018-10-22,3129,3193,3057,3119,43843
173130,2018-10-23,9110,9250,8950,9110,29428
173130,2018-10-23,3095,3142,3040,3095,29428
173130,2018-10-24,9000,9300,8290,8450,140375
173130,2018-10-24,3057,3159,2816,2871,140375
173130,2018-10-25,8350,8350,7730,8070,118486
173130,2018-10-25,2837,2837,2626,2742,118486
173130,2018-10-26,8090,8150,7330,7610,87131
173130,2018-10-26,2748,2769,2490,2586,87131
173130,2018-10-29,7450,7690,6790,6980,30310
173130,2018-10-29,2531,2612,2307,2372,30310
173130,2018-10-30,6710,6980,6400,6830,54366
173130,2018-10-30,2279,2371,2174,2321,54366
173130,2018-10-31,6850,7350,6780,7000,59774
173130,2018-10-31,2327,2497,2303,2378,59774
173130,2018-11-01,7210,7470,6950,7090,44253
173130,2018-11-01,2449,2538,2361,2409,44253
173130,2018-11-02,7010,7400,7010,7280,41108
173130,2018-11-02,2381,2514,2381,2473,41108
173130,2018-11-05,7360,7490,7260,7360,27191
173130,2018-11-05,2500,2544,2466,2501,27191
173130,2018-11-06,7460,7520,7300,7430,18954
173130,2018-11-06,2534,2555,2480,2524,18954
173130,2018-11-07,7430,7650,7100,7210,29679
173130,2018-11-07,2524,2599,2412,2450,29679
173130,2018-11-08,7390,7470,7220,7280,29045
173130,2018-11-08,2510,2538,2453,2473,29045
173130,2018-11-09,7310,7380,7150,7280,21355
173130,2018-11-09,2483,2507,2429,2473,21355
173130,2018-11-12,7270,7320,7050,7250,24442
173130,2018-11-12,2470,2487,2395,2463,24442
173130,2018-11-13,7140,7240,6900,7150,29120
173130,2018-11-13,2425,2459,2344,2429,29120
173130,2018-11-14,7150,7150,6900,7070,31607
173130,2018-11-14,2429,2429,2344,2402,31607
173130,2018-11-15,7060,7200,6890,7200,33463
173130,2018-11-15,2398,2446,2340,2446,33463
173130,2018-11-16,7300,9360,7300,9360,1240881
173130,2018-11-16,2480,3180,2480,3180,1240881
173130,2018-11-19,9300,9530,9100,9480,486526
173130,2018-11-19,3159,3237,3091,3221,486526
173130,2018-11-20,9160,9310,9100,9110,180125
173130,2018-11-20,3112,3163,3091,3095,180125
173130,2018-11-21,8900,9080,8530,8930,105620
173130,2018-11-21,3023,3085,2898,3034,105620
173130,2018-11-22,8850,9000,8420,8450,82976
173130,2018-11-22,3006,3057,2860,2871,82976
173130,2018-11-23,8330,8500,7910,7940,93515
173130,2018-11-23,2830,2888,2687,2698,93515
173130,2018-11-26,8020,8100,7800,7840,43911
173130,2018-11-26,2724,2752,2650,2664,43911
173130,2018-11-27,7960,10150,7960,9070,2527378
173130,2018-11-27,2704,3448,2704,3082,2527378
173130,2018-11-28,9140,9150,8700,8850,342590
173130,2018-11-28,3105,3108,2955,3007,342590
173130,2018-11-29,8930,9050,8710,9050,193400
173130,2018-11-29,3034,3074,2959,3075,193400
173130,2018-11-30,9000,11300,8790,10100,3742658
173130,2018-11-30,3057,3839,2986,3432,3742658
173130,2018-12-03,10100,10700,9820,10700,560961
173130,2018-12-03,3431,3635,3336,3635,560961
173130,2018-12-04,10650,11000,10250,10400,393983
173130,2018-12-04,3618,3737,3482,3534,393983
173130,2018-12-05,10000,10500,9810,9830,252980
173130,2018-12-05,3397,3567,3333,3340,252980
173130,2018-12-06,9970,12250,9900,10600,3349009
173130,2018-12-06,3387,4162,3363,3602,3349009
173130,2018-12-07,10800,11200,9990,10050,722118
173130,2018-12-07,3669,3805,3394,3415,722118
173130,2018-12-10,9800,10400,9580,10300,275918
173130,2018-12-10,3329,3533,3254,3500,275918
173130,2018-12-11,10300,11650,10200,10700,1100141
173130,2018-12-11,3499,3958,3465,3635,1100141
173130,2018-12-12,10650,11450,10500,11300,451671
173130,2018-12-12,3618,3890,3567,3839,451671
173130,2018-12-13,11250,11600,10800,11000,241524
173130,2018-12-13,3822,3941,3669,3737,241524
173130,2018-12-14,11150,11350,10200,10200,183283
173130,2018-12-14,3788,3856,3465,3466,183283
173130,2018-12-17,10100,11250,10100,10650,294485
173130,2018-12-17,3431,3822,3431,3619,294485
173130,2018-12-18,10550,10750,9960,9960,185443
173130,2018-12-18,3584,3652,3384,3384,185443
173130,2018-12-19,9960,10250,9060,9340,290660
173130,2018-12-19,3384,3482,3078,3173,290660
173130,2018-12-20,9340,9480,9000,9070,84317
173130,2018-12-20,3173,3220,3057,3082,84317
173130,2018-12-21,9180,11750,9180,11200,1717166
173130,2018-12-21,3119,3992,3119,3805,1717166
173130,2018-12-24,11050,12900,10750,11500,2555830
173130,2018-12-24,3754,4382,3652,3907,2555830
173130,2018-12-26,11300,12350,10800,11000,1109620
173130,2018-12-26,3839,4196,3669,3737,1109620
173130,2018-12-27,11250,12400,11000,11600,1954998
173130,2018-12-27,3822,4213,3737,3941,1954998
173130,2018-12-28,11750,13950,11700,12650,3201867
173130,2018-12-28,3992,4739,3975,4298,3201867
173130,2019-01-02,13100,13700,12550,12900,1214980
173130,2019-01-02,4450,4654,4264,4383,1214980
173130,2019-01-03,13050,13500,12550,13100,550893
173130,2019-01-03,4433,4586,4264,4451,550893
173130,2019-01-04,13300,13650,12900,13200,700525
173130,2019-01-04,4518,4637,4382,4485,700525
173130,2019-01-07,13250,13250,12400,12800,347067
173130,2019-01-07,4501,4501,4213,4349,347067
173130,2019-01-08,12800,13200,12150,12150,469518
173130,2019-01-08,4349,4484,4128,4128,469518
173130,2019-01-09,12200,12450,12000,12100,227009
173130,2019-01-09,4145,4230,4077,4111,227009
173130,2019-01-10,12250,12300,11700,12100,188732
173130,2019-01-10,4162,4179,3975,4111,188732
173130,2019-01-11,12100,12550,11850,12350,207636
173130,2019-01-11,4111,4264,4026,4196,207636
173130,2019-01-14,12500,12950,12250,12800,457226
173130,2019-01-14,4247,4399,4162,4349,457226
173130,2019-01-15,12900,13200,12450,12800,162678
173130,2019-01-15,4382,4484,4230,4349,162678
173130,2019-01-16,12800,12800,12150,12200,194390
173130,2019-01-16,4349,4349,4128,4145,194390
173130,2019-01-17,12300,12550,12050,12100,100799
173130,2019-01-17,4179,4264,4094,4111,100799
173130,2019-01-18,12100,12250,11750,11950,189493
173130,2019-01-18,4111,4162,3992,4060,189493
173130,2019-01-21,12000,12450,11900,12350,94430
173130,2019-01-21,4077,4230,4043,4196,94430
173130,2019-01-22,12550,12600,11750,11750,124934
173130,2019-01-22,4264,4281,3992,3992,124934
173130,2019-01-23,11600,11900,11450,11800,47995
173130,2019-01-23,3941,4043,3890,4009,47995
173130,2019-01-24,11800,11900,11550,11900,54128
173130,2019-01-24,4009,4043,3924,4043,54128
173130,2019-01-25,12150,12800,11850,12600,405855
173130,2019-01-25,4128,4349,4026,4281,405855
173130,2019-01-28,12750,13000,12500,12550,197383
173130,2019-01-28,4332,4416,4247,4264,197383
173130,2019-01-29,12550,12600,12350,12600,110859
173130,2019-01-29,4264,4281,4196,4281,110859
173130,2019-01-30,12600,12900,12450,12550,163858
173130,2019-01-30,4281,4382,4230,4264,163858
173130,2019-01-31,12650,12700,12450,12600,74412
173130,2019-01-31,4298,4315,4230,4281,74412
173130,2019-02-01,12600,12650,12400,12450,66991
173130,2019-02-01,4281,4298,4213,4230,66991
173130,2019-02-07,12500,12600,12350,12550,42816
173130,2019-02-07,4247,4281,4196,4264,42816
173130,2019-02-08,12400,12700,12400,12550,54488
173130,2019-02-08,4213,4315,4213,4264,54488
173130,2019-02-11,12700,12900,12500,12850,181288
173130,2019-02-11,4315,4382,4247,4366,181288
173130,2019-02-12,12900,12950,12600,12650,117386
173130,2019-02-12,4382,4399,4281,4298,117386
173130,2019-02-13,12650,12850,12500,12800,92335
173130,2019-02-13,4298,4365,4247,4349,92335
173130,2019-02-14,12900,12900,12550,12650,76320
173130,2019-02-14,4382,4382,4264,4298,76320
173130,2019-02-15,12750,12750,12500,12550,67496
173130,2019-02-15,4332,4332,4247,4264,67496
173130,2019-02-18,12500,12700,12500,12650,38576
173130,2019-02-18,4247,4315,4247,4298,38576
173130,2019-02-19,12700,13000,12600,12700,267960
173130,2019-02-19,4315,4416,4281,4315,267960
173130,2019-02-20,12850,12850,12550,12550,70141
173130,2019-02-20,4365,4365,4264,4264,70141
173130,2019-02-21,12650,12650,11750,11750,97458
173130,2019-02-21,4298,4298,3992,3992,97458
173130,2019-02-22,11800,12000,11300,11500,112319
173130,2019-02-22,4009,4077,3839,3907,112319
173130,2019-02-25,11650,12000,11550,11750,44455
173130,2019-02-25,3958,4077,3924,3992,44455
173130,2019-02-26,11900,12250,11700,12050,35751
173130,2019-02-26,4043,4162,3975,4094,35751
173130,2019-02-27,11900,12150,11850,12000,24669
173130,2019-02-27,4043,4128,4026,4077,24669
173130,2019-02-28,12150,12150,10750,11000,226574
173130,2019-02-28,4128,4128,3652,3737,226574
173130,2019-03-04,11000,11400,11000,11250,28967
173130,2019-03-04,3737,3873,3737,3822,28967
173130,2019-03-05,11250,11400,11250,11300,16902
173130,2019-03-05,3822,3873,3822,3839,16902
173130,2019-03-06,11350,11600,11300,11350,24516
173130,2019-03-06,3856,3941,3839,3856,24516
173130,2019-03-07,11450,11450,11150,11150,44434
173130,2019-03-07,3890,3890,3788,3788,44434
173130,2019-03-08,11050,11300,10750,11200,33320
173130,2019-03-08,3754,3839,3652,3805,33320
173130,2019-03-11,11000,11200,10700,11050,48885
173130,2019-03-11,3737,3805,3635,3754,48885
173130,2019-03-12,10950,11100,10750,10900,54869
173130,2019-03-12,3720,3771,3652,3703,54869
173130,2019-03-13,10950,11000,10700,10900,35473
173130,2019-03-13,3720,3737,3635,3703,35473
173130,2019-03-14,10850,11300,10850,11000,74028
173130,2019-03-14,3686,3839,3686,3737,74028
173130,2019-03-15,11050,11200,10800,11000,61736
173130,2019-03-15,3754,3805,3669,3737,61736
173130,2019-03-18,11100,11100,10750,10800,40888
173130,2019-03-18,3771,3771,3652,3669,40888
173130,2019-03-19,10750,11300,10750,11250,85326
173130,2019-03-19,3652,3839,3652,3822,85326
173130,2019-03-20,11400,11550,11100,11200,59692
173130,2019-03-20,3873,3924,3771,3805,59692
173130,2019-03-21,11050,11350,11000,11150,49411
173130,2019-03-21,3754,3856,3737,3788,49411
173130,2019-03-22,11300,11300,10950,11100,40875
173130,2019-03-22,3839,3839,3720,3771,40875
173130,2019-03-25,10900,11000,10700,10850,34016
173130,2019-03-25,3703,3737,3635,3686,34016
173130,2019-03-26,10900,11100,10900,11100,38684
173130,2019-03-26,3703,3771,3703,3771,38684
173130,2019-03-27,11250,11250,11000,11000,31220
173130,2019-03-27,3822,3822,3737,3737,31220
173130,2019-03-28,10950,11100,10800,10900,27202
173130,2019-03-28,3720,3771,3669,3703,27202
173130,2019-03-29,10900,11000,10750,11000,29340
173130,2019-03-29,3703,3737,3652,3737,29340
173130,2019-04-01,10950,11250,10950,11150,45206
173130,2019-04-01,3720,3822,3720,3788,45206
173130,2019-04-02,11200,11600,11100,11450,111619
173130,2019-04-02,3805,3941,3771,3890,111619
173130,2019-04-03,11350,11900,11250,11800,143459
173130,2019-04-03,3856,4043,3822,4009,143459
173130,2019-04-04,12050,12250,11650,11900,328797
173130,2019-04-04,4094,4162,3958,4043,328797
173130,2019-04-05,11850,12000,11650,11800,84401
173130,2019-04-05,4026,4077,3958,4009,84401
173130,2019-04-08,11750,12000,11350,11650,77120
173130,2019-04-08,3992,4077,3856,3958,77120
173130,2019-04-09,11600,13350,11600,12650,1817698
173130,2019-04-09,3941,4535,3941,4298,1817698
173130,2019-04-10,12500,12850,12200,12700,245184
173130,2019-04-10,4247,4365,4145,4315,245184
173130,2019-04-11,12800,12950,12400,12600,269884
173130,2019-04-11,4349,4399,4213,4281,269884
173130,2019-04-12,12800,13250,12550,12700,232222
173130,2019-04-12,4349,4501,4264,4315,232222
173130,2019-04-15,12800,12950,12450,12750,141223
173130,2019-04-15,4349,4399,4230,4332,141223
173130,2019-04-16,12650,12800,12250,12450,116567
173130,2019-04-16,4298,4349,4162,4230,116567
173130,2019-04-17,12450,13200,12350,12350,326624
173130,2019-04-17,4230,4484,4196,4196,326624
173130,2019-04-18,12250,12350,11750,11750,133087
173130,2019-04-18,4162,4196,3992,3992,133087
173130,2019-04-19,11850,12100,11600,11950,59881
173130,2019-04-19,4026,4111,3941,4060,59881
173130,2019-04-22,11900,12100,11400,11400,77835
173130,2019-04-22,4043,4111,3873,3873,77835
173130,2019-04-23,11400,11500,10950,11150,93631
173130,2019-04-23,3873,3907,3720,3788,93631
173130,2019-04-24,11100,11300,10800,10950,72056
173130,2019-04-24,3771,3839,3669,3720,72056
173130,2019-04-25,10800,10850,9740,9970,195318
173130,2019-04-25,3669,3686,3309,3387,195318
173130,2019-04-26,9920,10050,9410,9440,91396
173130,2019-04-26,3370,3414,3197,3207,91396
173130,2019-04-29,9500,12150,9440,10700,748142
173130,2019-04-29,3227,4128,3207,3635,748142
173130,2019-04-30,10700,11200,10300,10650,194154
173130,2019-04-30,3635,3805,3499,3619,194154
173130,2019-05-02,10500,11450,10450,11200,194364
173130,2019-05-02,3567,3890,3550,3805,194364
173130,2019-05-03,11500,11500,11000,11300,92120
173130,2019-05-03,3907,3907,3737,3839,92120
173130,2019-05-07,11000,11300,10850,11000,51455
173130,2019-05-07,3737,3839,3686,3737,51455
173130,2019-05-08,10700,11150,10700,10950,46525
173130,2019-05-08,3635,3788,3635,3720,46525
173130,2019-05-09,10850,11150,10000,10500,82843
173130,2019-05-09,3686,3788,3397,3568,82843
173130,2019-05-10,10400,10600,10000,10300,56161
173130,2019-05-10,3533,3601,3397,3500,56161
173130,2019-05-13,10200,10800,10200,10450,36939
173130,2019-05-13,3465,3669,3465,3551,36939
173130,2019-05-14,10200,10450,10000,10200,49405
173130,2019-05-14,3465,3550,3397,3466,49405
173130,2019-05-15,10300,13150,10300,11650,1229454
173130,2019-05-15,3499,4467,3499,3958,1229454
173130,2019-05-16,11750,12150,11450,11900,325939
173130,2019-05-16,3992,4128,3890,4043,325939
173130,2019-05-17,12300,12950,11700,11900,499442
173130,2019-05-17,4179,4399,3975,4043,499442
173130,2019-05-20,12000,12250,11650,11950,154269
173130,2019-05-20,4077,4162,3958,4060,154269
173130,2019-05-21,11900,13050,11800,12300,666805
173130,2019-05-21,4043,4433,4009,4179,666805
173130,2019-05-22,12350,12600,11850,11950,164268
173130,2019-05-22,4196,4281,4026,4060,164268
173130,2019-05-23,11900,12550,11450,11600,237624
173130,2019-05-23,4043,4264,3890,3941,237624
173130,2019-05-24,11450,11800,11250,11800,99426
173130,2019-05-24,3890,4009,3822,4009,99426
173130,2019-05-27,12000,12600,11850,12550,305184
173130,2019-05-27,4077,4281,4026,4264,305184
173130,2019-05-28,12450,12850,12350,12750,268771
173130,2019-05-28,4230,4365,4196,4332,268771
173130,2019-05-29,12600,13250,12250,12350,333101
173130,2019-05-29,4281,4501,4162,4196,333101
173130,2019-05-30,12350,12600,11900,12400,155763
173130,2019-05-30,4196,4281,4043,4213,155763
173130,2019-05-31,12300,12600,12200,12400,89800
173130,2019-05-31,4179,4281,4145,4213,89800
173130,2019-06-03,12450,12700,12100,12400,96215
173130,2019-06-03,4230,4315,4111,4213,96215
173130,2019-06-04,12300,12450,12050,12400,87756
173130,2019-06-04,4179,4230,4094,4213,87756
173130,2019-06-05,12700,13200,12400,12600,683582
173130,2019-06-05,4315,4484,4213,4281,683582
173130,2019-06-07,12600,13500,12400,13500,529433
173130,2019-06-07,4281,4586,4213,4587,529433
173130,2019-06-10,13800,16000,13300,15200,3378730
173130,2019-06-10,4688,5436,4518,5164,3378730
173130,2019-06-11,15100,15350,14750,15100,476913
173130,2019-06-11,5130,5215,5011,5130,476913
173130,2019-06-12,15050,15150,14200,14500,418696
173130,2019-06-12,5113,5147,4824,4927,418696
173130,2019-06-13,14550,15400,14450,15350,574939
173130,2019-06-13,4943,5232,4909,5215,574939
173130,2019-06-14,15350,15400,14700,14850,274503
173130,2019-06-14,5215,5232,4994,5046,274503
173130,2019-06-17,14850,15000,14250,14450,167586
173130,2019-06-17,5045,5096,4841,4910,167586
173130,2019-06-18,14500,14900,14200,14250,151978
173130,2019-06-18,4926,5062,4824,4842,151978
173130,2019-06-19,14400,14400,13600,13900,189698
173130,2019-06-19,4892,4892,4620,4723,189698
173130,2019-06-20,13800,14200,13700,13900,101064
173130,2019-06-20,4688,4824,4654,4723,101064
173130,2019-06-21,14050,14550,14000,14300,144086
173130,2019-06-21,4773,4943,4756,4859,144086
173130,2019-06-24,14200,14300,13900,14000,65747
173130,2019-06-24,4824,4858,4722,4757,65747
173130,2019-06-25,14000,14150,13100,13500,131801
173130,2019-06-25,4756,4807,4450,4587,131801
173130,2019-06-26,13500,13600,13000,13200,131663
173130,2019-06-26,4586,4620,4416,4485,131663
173130,2019-06-27,11400,11750,10900,10950,675079
173130,2019-06-27,3873,3992,3703,3720,675079
173130,2019-06-28,10850,11150,9760,9870,496898
173130,2019-06-28,3686,3788,3316,3353,496898
173130,2019-07-01,10000,10200,9450,9520,207032
173130,2019-07-01,3397,3465,3210,3235,207032
173130,2019-07-02,9530,9930,9230,9630,173127
173130,2019-07-02,3237,3373,3136,3272,173127
173130,2019-07-03,9560,9850,9510,9620,74065
173130,2019-07-03,3248,3346,3231,3269,74065
173130,2019-07-04,9610,9680,9080,9320,93211
173130,2019-07-04,3265,3288,3085,3167,93211
173130,2019-07-05,9170,9390,9080,9230,95818
173130,2019-07-05,3115,3190,3085,3136,95818
173130,2019-07-08,9100,9190,8500,8630,71618
173130,2019-07-08,3091,3122,2888,2932,71618
173130,2019-07-09,8630,9000,8630,8880,92984
173130,2019-07-09,2932,3057,2932,3017,92984
173130,2019-07-10,8810,9350,8810,9200,119702
173130,2019-07-10,2993,3176,2993,3126,119702
173130,2019-07-11,9260,9330,9160,9180,56280
173130,2019-07-11,3146,3170,3112,3119,56280
173130,2019-07-12,9310,9560,9000,9530,71123
173130,2019-07-12,3163,3248,3057,3238,71123
173130,2019-07-15,9440,9550,9140,9270,64636
173130,2019-07-15,3207,3244,3105,3150,64636
173130,2019-07-16,9160,9200,8950,9100,60166
173130,2019-07-16,3112,3125,3040,3092,60166
173130,2019-07-17,8930,9100,8670,8760,49940
173130,2019-07-17,3034,3091,2945,2976,49940
173130,2019-07-18,8670,8920,8670,8710,37080
173130,2019-07-18,2945,3030,2945,2959,37080
173130,2019-07-19,8760,9090,8760,9000,59472
173130,2019-07-19,2976,3088,2976,3058,59472
173130,2019-07-22,9050,9240,8950,9120,21132
173130,2019-07-22,3074,3139,3040,3099,21132
173130,2019-07-23,9130,9290,8990,9000,31465
173130,2019-07-23,3102,3156,3054,3058,31465
173130,2019-07-24,8910,9170,8620,8710,34907
173130,2019-07-24,3027,3115,2928,2959,34907
173130,2019-07-25,8700,8890,8020,8530,76956
173130,2019-07-25,2955,3020,2724,2898,76956
173130,2019-07-26,8320,8700,8170,8330,53758
173130,2019-07-26,2826,2955,2775,2830,53758
173130,2019-07-29,8180,8450,7500,7570,78232
173130,2019-07-29,2779,2871,2548,2572,78232
173130,2019-07-30,7420,8900,7420,8230,253082
173130,2019-07-30,2521,3023,2521,2796,253082
173130,2019-07-31,8100,8410,7950,8150,44582
173130,2019-07-31,2752,2857,2701,2769,44582
173130,2019-08-01,8420,8930,8030,8170,77900
173130,2019-08-01,2860,3034,2728,2776,77900
173130,2019-08-02,8030,8400,7870,8310,57432
173130,2019-08-02,2728,2854,2673,2823,57432
173130,2019-08-05,8190,8300,7450,7670,62444
173130,2019-08-05,2782,2820,2531,2606,62444
173130,2019-08-06,7550,7730,7100,7230,68134
173130,2019-08-06,2565,2626,2412,2457,68134
173130,2019-08-07,7100,7520,7100,7420,53009
173130,2019-08-07,2412,2555,2412,2521,53009
173130,2019-08-08,7460,8060,7460,8050,52917
173130,2019-08-08,2534,2738,2534,2735,52917
173130,2019-08-09,8200,8230,7880,7980,38154
173130,2019-08-09,2786,2796,2677,2711,38154
173130,2019-08-12,7950,8220,7800,8200,32253
173130,2019-08-12,2701,2792,2650,2786,32253
173130,2019-08-13,8030,8190,7900,8050,29552
173130,2019-08-13,2728,2782,2684,2735,29552
173130,2019-08-14,8070,8400,8070,8200,72921
173130,2019-08-14,2741,2854,2741,2786,72921
173130,2019-08-16,5860,6660,5740,6250,1011299
173130,2019-08-16,1991,2262,1950,2124,1011299
173130,2019-08-19,6270,6370,6180,6260,118871
173130,2019-08-19,2130,2164,2099,2127,118871
173130,2019-08-20,6190,6610,6190,6590,118992
173130,2019-08-20,2103,2245,2103,2239,118992
173130,2019-08-21,6590,6700,6480,6530,54173
173130,2019-08-21,2239,2276,2201,2219,54173
173130,2019-08-22,6520,7170,6520,6900,114084
173130,2019-08-22,2215,2436,2215,2344,114084
173130,2019-08-23,6900,6990,6620,6870,67164
173130,2019-08-23,2344,2374,2249,2334,67164
173130,2019-08-26,6610,6990,6610,6760,30131
173130,2019-08-26,2245,2374,2245,2297,30131
173130,2019-08-27,6760,7090,6760,6940,29167
173130,2019-08-27,2296,2408,2296,2358,29167
173130,2019-08-28,7140,7140,6850,6970,19675
173130,2019-08-28,2425,2425,2327,2368,19675
173130,2019-08-29,6970,7400,6920,7000,29644
173130,2019-08-29,2368,2514,2351,2378,29644
173130,2019-08-30,7020,7260,7020,7240,31470
173130,2019-08-30,2385,2466,2385,2460,31470
173130,2019-09-02,7050,7300,7050,7220,19410
173130,2019-09-02,2395,2480,2395,2453,19410
173130,2019-09-03,7230,7340,7180,7270,24609
173130,2019-09-03,2456,2493,2439,2470,24609
173130,2019-09-04,7270,7470,7250,7430,41998
173130,2019-09-04,2470,2538,2463,2524,41998
173130,2019-09-05,7480,7580,7100,7280,54074
173130,2019-09-05,2541,2575,2412,2473,54074
173130,2019-09-06,7280,7430,7060,7140,18072
173130,2019-09-06,2473,2524,2398,2426,18072
173130,2019-09-09,7110,7140,6900,6990,31690
173130,2019-09-09,2415,2425,2344,2375,31690
173130,2019-09-10,6800,6980,6750,6820,26509
173130,2019-09-10,2310,2371,2293,2317,26509
173130,2019-09-11,6800,7000,6800,7000,13742
173130,2019-09-11,2310,2378,2310,2378,13742
173130,2019-09-16,6980,7280,6980,7260,20235
173130,2019-09-16,2371,2473,2371,2467,20235
173130,2019-09-17,7140,7470,7120,7150,15046
173130,2019-09-17,2425,2538,2419,2429,15046
173130,2019-09-18,7290,7290,7000,7160,10627
173130,2019-09-18,2476,2476,2378,2433,10627
173130,2019-09-19,7240,7300,7000,7100,22336
173130,2019-09-19,2459,2480,2378,2412,22336
173130,2019-09-20,7110,7110,6860,6990,23480
173130,2019-09-20,2415,2415,2330,2375,23480
173130,2019-09-23,6990,6990,6800,6830,18197
173130,2019-09-23,2374,2374,2310,2321,18197
173130,2019-09-24,6780,6880,6660,6790,16450
173130,2019-09-24,2303,2337,2262,2307,16450
173130,2019-09-25,6840,6840,6510,6600,20160
173130,2019-09-25,2323,2323,2211,2242,20160
173130,2019-09-26,6540,6680,6430,6580,22572
173130,2019-09-26,2222,2269,2184,2236,22572
173130,2019-09-27,6420,6710,6420,6580,31144
173130,2019-09-27,2181,2279,2181,2236,31144
173130,2019-09-30,6690,6690,6300,6430,9081
173130,2019-09-30,2273,2273,2140,2185,9081
173130,2019-10-01,6400,6490,6160,6450,61717
173130,2019-10-01,2174,2205,2092,2191,61717
173130,2019-10-02,6400,6740,6250,6630,44338
173130,2019-10-02,2174,2290,2123,2253,44338
173130,2019-10-04,6790,6790,6500,6650,10538
173130,2019-10-04,2307,2307,2208,2259,10538
173130,2019-10-07,6680,6680,6350,6350,19672
173130,2019-10-07,2269,2269,2157,2158,19672
173130,2019-10-08,6350,6430,6250,6330,23212
173130,2019-10-08,2157,2184,2123,2151,23212
173130,2019-10-10,6580,6580,6290,6420,6603
173130,2019-10-10,2235,2235,2137,2181,6603
173130,2019-10-11,6410,6500,6270,6480,4591
173130,2019-10-11,2177,2208,2130,2202,4591
173130,2019-10-14,6500,6640,6500,6570,14649
173130,2019-10-14,2208,2256,2208,2232,14649
173130,2019-10-15,6790,6790,6500,6560,8984
173130,2019-10-15,2307,2307,2208,2229,8984
173130,2019-10-16,6570,6690,6560,6640,16900
173130,2019-10-16,2232,2273,2228,2256,16900
173130,2019-10-17,6640,6720,6520,6640,14439
173130,2019-10-17,2256,2283,2215,2256,14439
173130,2019-10-18,6640,6690,6530,6550,14194
173130,2019-10-18,2256,2273,2218,2225,14194
173130,2019-10-21,6650,6650,6520,6610,15403
173130,2019-10-21,2259,2259,2215,2246,15403
173130,2019-10-22,6700,6700,6480,6570,14553
173130,2019-10-22,2276,2276,2201,2232,14553
173130,2019-10-23,6570,6650,6400,6500,16472
173130,2019-10-23,2232,2259,2174,2208,16472
173130,2019-10-24,6500,6600,6300,6490,35391
173130,2019-10-24,2208,2242,2140,2205,35391
173130,2019-10-25,6490,6500,6080,6230,43072
173130,2019-10-25,2205,2208,2065,2117,43072
173130,2019-10-28,6230,6450,6230,6260,19470
173130,2019-10-28,2116,2191,2116,2127,19470
173130,2019-10-29,6500,6500,6250,6450,19275
173130,2019-10-29,2208,2208,2123,2191,19275
173130,2019-10-30,6580,6580,6370,6500,16504
173130,2019-10-30,2235,2235,2164,2208,16504
173130,2019-10-31,6500,6620,6450,6550,22993
173130,2019-10-31,2208,2249,2191,2225,22993
173130,2019-11-01,6650,6730,6520,6720,28881
173130,2019-11-01,2259,2286,2215,2283,28881
173130,2019-11-04,6720,6790,6560,6650,23474
173130,2019-11-04,2283,2307,2228,2259,23474
173130,2019-11-05,6630,6630,6520,6580,13675
173130,2019-11-05,2252,2252,2215,2236,13675
173130,2019-11-06,6520,6580,6410,6480,7933
173130,2019-11-06,2215,2235,2177,2202,7933
173130,2019-11-07,6600,6600,6350,6480,11280
173130,2019-11-07,2242,2242,2157,2202,11280
173130,2019-11-08,6600,6600,6410,6450,16759
173130,2019-11-08,2242,2242,2177,2191,16759
173130,2019-11-11,6590,6590,6400,6480,19523
173130,2019-11-11,2239,2239,2174,2202,19523
173130,2019-11-12,6480,6530,6410,6500,21682
173130,2019-11-12,2201,2218,2177,2208,21682
173130,2019-11-13,6420,6560,6420,6460,14882
173130,2019-11-13,2181,2228,2181,2195,14882
173130,2019-11-14,6490,6490,6300,6400,17947
173130,2019-11-14,2205,2205,2140,2175,17947
173130,2019-11-15,6400,6480,6270,6420,17884
173130,2019-11-15,2174,2201,2130,2181,17884
173130,2019-11-18,6490,6680,6300,6500,37012
173130,2019-11-18,2205,2269,2140,2208,37012
173130,2019-11-19,6550,6850,6350,6690,72101
173130,2019-11-19,2225,2327,2157,2273,72101
173130,2019-11-20,6710,6750,6500,6560,18184
173130,2019-11-20,2279,2293,2208,2229,18184
173130,2019-11-21,6570,6630,6350,6500,8639
173130,2019-11-21,2232,2252,2157,2208,8639
173130,2019-11-22,6380,6600,6380,6420,19197
173130,2019-11-22,2167,2242,2167,2181,19197
173130,2019-11-25,6500,6590,6420,6490,15369
173130,2019-11-25,2208,2239,2181,2205,15369
173130,2019-11-26,6490,6670,6400,6490,18463
173130,2019-11-26,2205,2266,2174,2205,18463
173130,2019-11-27,6490,6500,6370,6410,9157
173130,2019-11-27,2205,2208,2164,2178,9157
173130,2019-11-28,6460,6460,6360,6390,3987
173130,2019-11-28,2194,2194,2160,2171,3987
173130,2019-11-29,6390,6450,6220,6320,9865
173130,2019-11-29,2171,2191,2113,2147,9865
173130,2019-12-02,6320,6320,6150,6170,8806
173130,2019-12-02,2147,2147,2089,2096,8806
173130,2019-12-03,6080,6190,5800,6190,18722
173130,2019-12-03,2065,2103,1970,2103,18722
173130,2019-12-04,6060,6280,6060,6150,8957
173130,2019-12-04,2058,2133,2058,2090,8957
173130,2019-12-05,6350,6350,6100,6270,13108
173130,2019-12-05,2157,2157,2072,2130,13108
173130,2019-12-06,6270,6320,6070,6080,11152
173130,2019-12-06,2130,2147,2062,2066,11152
173130,2019-12-09,6070,6180,5930,5930,17728
173130,2019-12-09,2062,2099,2014,2015,17728
173130,2019-12-10,6000,6000,5700,5790,18836
173130,2019-12-10,2038,2038,1936,1967,18836
173130,2019-12-11,5800,5800,5470,5530,59028
173130,2019-12-11,1970,1970,1858,1879,59028
173130,2019-12-12,5760,5760,5540,5680,15319
173130,2019-12-12,1957,1957,1882,1930,15319
173130,2019-12-13,5700,6190,5700,5950,22447
173130,2019-12-13,1936,2103,1936,2022,22447
173130,2019-12-16,5990,5990,5850,5860,9532
173130,2019-12-16,2035,2035,1987,1991,9532
173130,2019-12-17,5810,6000,5790,5880,16336
173130,2019-12-17,1974,2038,1967,1998,16336
173130,2019-12-18,6000,6000,5850,5920,8449
173130,2019-12-18,2038,2038,1987,2011,8449
173130,2019-12-19,6010,6150,5920,5980,10067
173130,2019-12-19,2041,2089,2011,2032,10067
173130,2019-12-20,6100,6100,5820,6020,8865
173130,2019-12-20,2072,2072,1977,2045,8865
173130,2019-12-23,6150,6150,5910,5960,4613
173130,2019-12-23,2089,2089,2008,2025,4613
173130,2019-12-24,5950,6050,5730,5850,21176
173130,2019-12-24,2021,2055,1946,1988,21176
173130,2019-12-26,5820,6050,5820,6050,10762
173130,2019-12-26,1977,2055,1977,2056,10762
173130,2019-12-27,6100,6160,5930,6150,12756
173130,2019-12-27,2072,2092,2014,2090,12756
173130,2019-12-30,6120,6440,6120,6430,32113
173130,2019-12-30,2079,2188,2079,2185,32113
173130,2020-01-02,6430,6720,6400,6620,28516
173130,2020-01-02,2184,2283,2174,2249,28516
173130,2020-01-03,6700,6880,6680,6820,35861
173130,2020-01-03,2276,2337,2269,2317,35861
173130,2020-01-06,6750,6750,6600,6750,17180
173130,2020-01-06,2293,2293,2242,2293,17180
173130,2020-01-07,6760,6930,6760,6890,16409
173130,2020-01-07,2296,2354,2296,2341,16409
173130,2020-01-08,6850,6860,6400,6610,32247
173130,2020-01-08,2327,2330,2174,2246,32247
173130,2020-01-09,6680,6810,6630,6770,6956
173130,2020-01-09,2269,2313,2252,2300,6956
173130,2020-01-10,6720,6910,6660,6700,12863
173130,2020-01-10,2283,2347,2262,2276,12863
173130,2020-01-13,6700,6900,6660,6890,28706
173130,2020-01-13,2276,2344,2262,2341,28706
173130,2020-01-14,6900,7210,6900,7170,40125
173130,2020-01-14,2344,2449,2344,2436,40125
173130,2020-01-15,7210,7210,6800,7180,21589
173130,2020-01-15,2449,2449,2310,2440,21589
173130,2020-01-16,7050,7360,7050,7290,19571
173130,2020-01-16,2395,2500,2395,2477,19571
173130,2020-01-17,7290,7830,7210,7600,51697
173130,2020-01-17,2476,2660,2449,2582,51697
173130,2020-01-20,7740,7820,7500,7630,29476
173130,2020-01-20,2629,2656,2548,2592,29476
173130,2020-01-21,7750,7750,7500,7590,25933
173130,2020-01-21,2633,2633,2548,2579,25933
173130,2020-01-22,7510,7790,7490,7690,11480
173130,2020-01-22,2551,2646,2544,2613,11480
173130,2020-01-23,7670,7930,7670,7920,25974
173130,2020-01-23,2606,2694,2606,2691,25974
173130,2020-01-28,7610,7790,7590,7740,28023
173130,2020-01-28,2585,2646,2578,2630,28023
173130,2020-01-29,7740,7920,7650,7700,11213
173130,2020-01-29,2629,2690,2599,2616,11213
173130,2020-01-30,7800,7900,7660,7680,35662
173130,2020-01-30,2650,2684,2602,2609,35662
173130,2020-01-31,7580,7820,7010,7350,47859
173130,2020-01-31,2575,2656,2381,2497,47859
173130,2020-02-03,6900,7600,6900,7300,22215
173130,2020-02-03,2344,2582,2344,2480,22215
173130,2020-02-04,7440,7550,7210,7490,7650
173130,2020-02-04,2527,2565,2449,2545,7650
173130,2020-02-05,7660,7690,7440,7570,10159
173130,2020-02-05,2602,2612,2527,2572,10159
173130,2020-02-06,7460,7570,7380,7440,4701
173130,2020-02-06,2534,2572,2507,2528,4701
173130,2020-02-07,7500,7500,7100,7400,11630
173130,2020-02-07,2548,2548,2412,2514,11630
173130,2020-02-10,7360,7500,7310,7440,6933
173130,2020-02-10,2500,2548,2483,2528,6933
173130,2020-02-11,7510,7600,7470,7530,6140
173130,2020-02-11,2551,2582,2538,2558,6140
173130,2020-02-12,7420,7890,7420,7540,8161
173130,2020-02-12,2521,2680,2521,2562,8161
173130,2020-02-13,7860,7880,7560,7770,6371
173130,2020-02-13,2670,2677,2568,2640,6371
173130,2020-02-14,7830,7850,7600,7760,10551
173130,2020-02-14,2660,2667,2582,2637,10551
173130,2020-02-17,7760,7800,7500,7800,9894
173130,2020-02-17,2636,2650,2548,2650,9894
173130,2020-02-18,7890,7890,7620,7720,4623
173130,2020-02-18,2680,2680,2589,2623,4623
173130,2020-02-19,7720,7790,7560,7760,6050
173130,2020-02-19,2622,2646,2568,2637,6050
173130,2020-02-20,7880,7880,7640,7770,6143
173130,2020-02-20,2677,2677,2595,2640,6143
173130,2020-02-21,7780,7780,7500,7580,13007
173130,2020-02-21,2643,2643,2548,2575,13007
173130,2020-02-24,7310,7500,7240,7380,10822
173130,2020-02-24,2483,2548,2459,2507,10822
173130,2020-02-25,7370,7650,7230,7620,12125
173130,2020-02-25,2504,2599,2456,2589,12125
173130,2020-02-26,7350,7810,7340,7760,9365
173130,2020-02-26,2497,2653,2493,2637,9365
173130,2020-02-27,7950,7950,7500,7630,10699
173130,2020-02-27,2701,2701,2548,2592,10699
173130,2020-02-28,7340,7610,7100,7250,18775
173130,2020-02-28,2493,2585,2412,2463,18775
173130,2020-03-02,7720,7720,7100,7200,14381
173130,2020-03-02,2622,2622,2412,2446,14381
173130,2020-03-03,7200,7390,6990,6990,14644
173130,2020-03-03,2446,2510,2374,2375,14644
173130,2020-03-04,7290,7290,6910,7200,3381
173130,2020-03-04,2476,2476,2347,2446,3381
173130,2020-03-05,7290,7290,7110,7250,6749
173130,2020-03-05,2476,2476,2415,2463,6749
173130,2020-03-06,7280,7280,7010,7210,4928
173130,2020-03-06,2473,2473,2381,2450,4928
173130,2020-03-09,7210,7210,6570,6580,37850
173130,2020-03-09,2449,2449,2232,2236,37850
173130,2020-03-10,6300,7100,6300,7050,24061
173130,2020-03-10,2140,2412,2140,2395,24061
173130,2020-03-11,7050,7480,7050,7150,40141
173130,2020-03-11,2395,2541,2395,2429,40141
173130,2020-03-12,7150,7500,6700,6700,32620
173130,2020-03-12,2429,2548,2276,2276,32620
173130,2020-03-13,6000,6600,5910,6350,37410
173130,2020-03-13,2038,2242,2008,2158,37410
173130,2020-03-16,6500,6740,6110,6190,29289
173130,2020-03-16,2208,2290,2075,2103,29289
173130,2020-03-17,6180,6350,5900,6050,33527
173130,2020-03-17,2099,2157,2004,2056,33527
173130,2020-03-18,6050,6890,6050,6100,32674
173130,2020-03-18,2055,2340,2055,2073,32674
173130,2020-03-19,6350,6660,5590,6110,89250
173130,2020-03-19,2157,2262,1899,2076,89250
173130,2020-03-20,6920,6950,5650,5940,142454
173130,2020-03-20,2351,2361,1919,2018,142454
173130,2020-03-23,5320,5660,4900,5120,61809
173130,2020-03-23,1807,1923,1664,1740,61809
173130,2020-03-24,5060,5420,5020,5290,37363
173130,2020-03-24,1719,1841,1705,1797,37363
173130,2020-03-25,5310,5520,5180,5350,31692
173130,2020-03-25,1804,1875,1759,1818,31692
173130,2020-03-26,5480,5480,5180,5300,48175
173130,2020-03-26,1861,1861,1759,1801,48175
173130,2020-03-27,5420,5550,5120,5400,46244
173130,2020-03-27,1841,1885,1739,1835,46244
173130,2020-03-30,5170,5580,5150,5580,45540
173130,2020-03-30,1756,1895,1749,1896,45540
173130,2020-03-31,6580,6580,5600,5970,35097
173130,2020-03-31,2235,2235,1902,2028,35097
173130,2020-04-01,5900,6300,5830,6050,39817
173130,2020-04-01,2004,2140,1980,2056,39817
173130,2020-04-02,6050,6480,5920,6390,27152
173130,2020-04-02,2055,2201,2011,2171,27152
173130,2020-04-03,6400,6540,6330,6460,18659
173130,2020-04-03,2174,2222,2150,2195,18659
173130,2020-04-06,6460,6940,6460,6700,22407
173130,2020-04-06,2194,2357,2194,2276,22407
173130,2020-04-07,6900,6990,6720,6990,36178
173130,2020-04-07,2344,2374,2283,2375,36178
173130,2020-04-08,7010,7190,6800,7180,45174
173130,2020-04-08,2381,2442,2310,2440,45174
173130,2020-04-09,7400,7730,7170,7240,66873
173130,2020-04-09,2514,2626,2436,2460,66873
173130,2020-04-10,7240,7250,6710,7000,27565
173130,2020-04-10,2459,2463,2279,2378,27565
173130,2020-04-13,7000,7000,6650,6700,21165
173130,2020-04-13,2378,2378,2259,2276,21165
173130,2020-04-14,6700,6990,6640,6720,16990
173130,2020-04-14,2276,2374,2256,2283,16990
173130,2020-04-16,6980,6980,6540,6900,24767
173130,2020-04-16,2371,2371,2222,2344,24767
173130,2020-04-17,6840,7090,6840,6940,21089
173130,2020-04-17,2324,2408,2324,2358,21089
173130,2020-04-20,7120,7210,6710,6760,21111
173130,2020-04-20,2419,2449,2279,2297,21111
173130,2020-04-21,6690,6840,6260,6460,24356
173130,2020-04-21,2273,2324,2126,2195,24356
173130,2020-04-22,6160,6450,6160,6410,26164
173130,2020-04-22,2092,2191,2092,2178,26164
173130,2020-04-23,6700,7300,6500,6850,90389
173130,2020-04-23,2276,2480,2208,2327,90389
173130,2020-04-24,6710,6940,6690,6830,15495
173130,2020-04-24,2279,2357,2273,2321,15495
173130,2020-04-27,6830,7000,6800,7000,23375
173130,2020-04-27,2320,2378,2310,2378,23375
173130,2020-04-28,7330,7340,6800,6990,41644
173130,2020-04-28,2490,2493,2310,2375,41644
173130,2020-04-29,7050,7050,6880,6890,17409
173130,2020-04-29,2395,2395,2337,2341,17409
173130,2020-05-04,6720,7180,6720,6810,6595
173130,2020-05-04,2283,2439,2283,2314,6595
173130,2020-05-06,6810,7050,6740,6870,8386
173130,2020-05-06,2313,2395,2290,2334,8386
173130,2020-05-07,6880,7050,6690,7030,32997
173130,2020-05-07,2337,2395,2273,2389,32997
173130,2020-05-08,7040,7150,6980,7070,29580
173130,2020-05-08,2391,2429,2371,2402,29580
173130,2020-05-11,7190,7500,7070,7430,65050
173130,2020-05-11,2442,2548,2402,2524,65050
173130,2020-05-12,7430,7650,7330,7650,62010
173130,2020-05-12,2524,2599,2490,2599,62010
173130,2020-05-13,7620,7700,7430,7620,10674
173130,2020-05-13,2589,2616,2524,2589,10674
173130,2020-05-14,7500,7610,7400,7440,11135
173130,2020-05-14,2548,2585,2514,2528,11135
173130,2020-05-15,7410,7540,7300,7400,7538
173130,2020-05-15,2517,2561,2480,2514,7538
173130,2020-05-18,7400,7400,7060,7360,22385
173130,2020-05-18,2514,2514,2398,2501,22385
173130,2020-05-19,7500,7510,7110,7400,19844
173130,2020-05-19,2548,2551,2415,2514,19844
173130,2020-05-20,7400,7500,7290,7490,15289
173130,2020-05-20,2514,2548,2476,2545,15289
173130,2020-05-21,7580,7850,7260,7590,49983
173130,2020-05-21,2575,2667,2466,2579,49983
173130,2020-05-22,7600,7690,7150,7420,29943
173130,2020-05-22,2582,2612,2429,2521,29943
173130,2020-05-25,7420,7420,7200,7300,4420
173130,2020-05-25,2521,2521,2446,2480,4420
173130,2020-05-26,7480,7480,7260,7320,14067
173130,2020-05-26,2541,2541,2466,2487,14067
173130,2020-05-27,7390,7390,7180,7240,24666
173130,2020-05-27,2510,2510,2439,2460,24666
173130,2020-05-28,7310,7440,6910,6970,33200
173130,2020-05-28,2483,2527,2347,2368,33200
173130,2020-05-29,6970,7010,6750,6790,20948
173130,2020-05-29,2368,2381,2293,2307,20948
173130,2020-06-01,6990,7020,6830,7020,24739
173130,2020-06-01,2374,2385,2320,2385,24739
173130,2020-06-02,7020,7050,6940,7040,14111
173130,2020-06-02,2385,2395,2357,2392,14111
173130,2020-06-03,7040,7500,7040,7070,23955
173130,2020-06-03,2391,2548,2391,2402,23955
173130,2020-06-04,7070,7290,7070,7130,9679
173130,2020-06-04,2402,2476,2402,2423,9679
173130,2020-06-05,7130,7130,6820,7060,7219
173130,2020-06-05,2422,2422,2317,2399,7219
173130,2020-06-08,7060,7170,6850,6990,9737
173130,2020-06-08,2398,2436,2327,2375,9737
173130,2020-06-09,6990,7050,6800,6950,6925
173130,2020-06-09,2374,2395,2310,2361,6925
173130,2020-06-10,7010,7280,6900,6990,15352
173130,2020-06-10,2381,2473,2344,2375,15352
173130,2020-06-11,7050,7170,6880,6950,3732
173130,2020-06-11,2395,2436,2337,2361,3732
173130,2020-06-12,6400,6870,6400,6800,34580
173130,2020-06-12,2174,2334,2174,2310,34580
173130,2020-06-15,6680,6790,6270,6410,19251
173130,2020-06-15,2269,2307,2130,2178,19251
173130,2020-06-16,6410,6890,6410,6560,10368
173130,2020-06-16,2177,2340,2177,2229,10368
173130,2020-06-17,6570,6770,6370,6440,8746
173130,2020-06-17,2232,2300,2164,2188,8746
173130,2020-06-18,6440,6580,6390,6460,20804
173130,2020-06-18,2188,2235,2171,2195,20804
173130,2020-06-19,6460,6840,6460,6680,10218
173130,2020-06-19,2194,2324,2194,2270,10218
173130,2020-06-22,6680,7100,6580,6810,4584
173130,2020-06-22,2269,2412,2235,2314,4584
173130,2020-06-23,6810,6890,6650,6740,7174
173130,2020-06-23,2313,2340,2259,2290,7174
173130,2020-06-24,6740,6800,6560,6740,6655
173130,2020-06-24,2290,2310,2228,2290,6655
173130,2020-06-25,6630,6640,6250,6420,32749
173130,2020-06-25,2252,2256,2123,2181,32749
173130,2020-06-26,6450,6580,6250,6400,15116
173130,2020-06-26,2191,2235,2123,2175,15116
173130,2020-06-29,6330,6400,6170,6290,5776
173130,2020-06-29,2150,2174,2096,2137,5776
173130,2020-06-30,6290,6420,6220,6330,9591
173130,2020-06-30,2137,2181,2113,2151,9591
173130,2020-07-01,6510,6640,6350,6400,21166
173130,2020-07-01,2211,2256,2157,2175,21166
173130,2020-07-02,6480,6480,6260,6470,5844
173130,2020-07-02,2201,2201,2126,2198,5844
173130,2020-07-03,6480,6820,6480,6600,23057
173130,2020-07-03,2201,2317,2201,2242,23057
173130,2020-07-06,6600,6770,6550,6600,8506
173130,2020-07-06,2242,2300,2225,2242,8506
173130,2020-07-07,6600,6790,6400,6430,11386
173130,2020-07-07,2242,2307,2174,2185,11386
173130,2020-07-08,6540,6700,6200,6530,10809
173130,2020-07-08,2222,2276,2106,2219,10809
173130,2020-07-09,6700,6850,6350,6600,27586
173130,2020-07-09,2276,2327,2157,2242,27586
173130,2020-07-10,6610,6990,6610,6870,32086
173130,2020-07-10,2245,2374,2245,2334,32086
173130,2020-07-13,7040,7810,6940,7630,163472
173130,2020-07-13,2391,2653,2357,2592,163472
173130,2020-07-14,7800,8000,7430,7450,77567
173130,2020-07-14,2650,2718,2524,2531,77567
173130,2020-07-15,7450,7670,7330,7440,21004
173130,2020-07-15,2531,2606,2490,2528,21004
173130,2020-07-16,7440,7480,7200,7270,23164
173130,2020-07-16,2527,2541,2446,2470,23164
173130,2020-07-17,7260,7260,7040,7040,16896
173130,2020-07-17,2466,2466,2391,2392,16896
173130,2020-07-20,7010,7650,7000,7620,45178
173130,2020-07-20,2381,2599,2378,2589,45178
173130,2020-07-21,8020,8020,7550,7800,52914
173130,2020-07-21,2724,2724,2565,2650,52914
173130,2020-07-22,7800,7800,7450,7550,17338
173130,2020-07-22,2650,2650,2531,2565,17338
173130,2020-07-23,7550,7660,7240,7400,22837
173130,2020-07-23,2565,2602,2459,2514,22837
173130,2020-07-24,7500,7550,7330,7490,10956
173130,2020-07-24,2548,2565,2490,2545,10956
173130,2020-07-27,7490,7900,7000,7650,36649
173130,2020-07-27,2544,2684,2378,2599,36649
173130,2020-07-28,7670,8400,7670,8400,96445
173130,2020-07-28,2606,2854,2606,2854,96445
173130,2020-07-29,8700,9120,8290,8620,114090
173130,2020-07-29,2955,3098,2816,2929,114090
173130,2020-07-30,8800,8860,8510,8650,27850
173130,2020-07-30,2989,3010,2891,2939,27850
173130,2020-07-31,8570,8780,8560,8760,26887
173130,2020-07-31,2911,2983,2908,2976,26887
173130,2020-08-03,8870,8880,8120,8510,26141
173130,2020-08-03,3013,3017,2758,2891,26141
173130,2020-08-04,8520,8850,8320,8510,17667
173130,2020-08-04,2894,3006,2826,2891,17667
173130,2020-08-05,8510,8740,8340,8460,24906
173130,2020-08-05,2891,2969,2833,2874,24906
173130,2020-08-06,8390,8660,8250,8650,22794
173130,2020-08-06,2850,2942,2803,2939,22794
173130,2020-08-07,8660,8750,8370,8620,30674
173130,2020-08-07,2942,2972,2843,2929,30674
173130,2020-08-10,8700,8740,8480,8570,21696
173130,2020-08-10,2955,2969,2881,2912,21696
173130,2020-08-11,8570,8680,8450,8610,19275
173130,2020-08-11,2911,2949,2871,2925,19275
173130,2020-08-12,8600,8600,8180,8290,29928
173130,2020-08-12,2921,2921,2779,2817,29928
173130,2020-08-13,8810,9000,8260,8780,145241
173130,2020-08-13,2993,3057,2806,2983,145241
173130,2020-08-14,8800,11300,8800,10000,944515
173130,2020-08-14,2989,3839,2989,3398,944515
173130,2020-08-18,10300,11700,9900,10150,437742
173130,2020-08-18,3499,3975,3363,3449,437742
173130,2020-08-19,10350,10950,9940,10300,172200
173130,2020-08-19,3516,3720,3377,3500,172200
173130,2020-08-20,10400,10450,9000,9380,196449
173130,2020-08-20,3533,3550,3057,3187,196449
173130,2020-08-21,9260,9800,9000,9390,76148
173130,2020-08-21,3146,3329,3057,3190,76148
173130,2020-08-24,9390,10200,8750,9930,87041
173130,2020-08-24,3190,3465,2972,3374,87041
173130,2020-08-25,10200,10350,9650,10100,58199
173130,2020-08-25,3465,3516,3278,3432,58199
173130,2020-08-26,10100,10600,9750,10600,109829
173130,2020-08-26,3431,3601,3312,3602,109829
173130,2020-08-27,10950,12400,10300,11550,491479
173130,2020-08-27,3720,4213,3499,3924,491479
173130,2020-08-28,11450,12000,10900,11300,197262
173130,2020-08-28,3890,4077,3703,3839,197262
173130,2020-08-31,11450,12400,11450,12250,150430
173130,2020-08-31,3890,4213,3890,4162,150430
173130,2020-09-01,12250,12350,11050,11500,151892
173130,2020-09-01,4162,4196,3754,3907,151892
173130,2020-09-02,11400,11600,10800,11300,101691
173130,2020-09-02,3873,3941,3669,3839,101691
173130,2020-09-03,11000,11050,10300,10650,179560
173130,2020-09-03,3737,3754,3499,3619,179560
173130,2020-09-04,10200,10550,10200,10450,82312
173130,2020-09-04,3465,3584,3465,3551,82312
173130,2020-09-07,10350,10750,10150,10600,68379
173130,2020-09-07,3516,3652,3448,3602,68379
173130,2020-09-08,10650,11300,10400,10500,81735
173130,2020-09-08,3618,3839,3533,3568,81735
173130,2020-09-09,10250,10700,10150,10300,38053
173130,2020-09-09,3482,3635,3448,3500,38053
173130,2020-09-10,10550,10550,10150,10200,28464
173130,2020-09-10,3584,3584,3448,3466,28464
173130,2020-09-11,10100,10450,9970,10200,38130
173130,2020-09-11,3431,3550,3387,3466,38130
173130,2020-09-14,10200,10800,10000,10750,78344
173130,2020-09-14,3465,3669,3397,3652,78344
173130,2020-09-15,10800,11000,10450,10600,77128
173130,2020-09-15,3669,3737,3550,3602,77128
173130,2020-09-16,10700,10800,10300,10600,42670
173130,2020-09-16,3635,3669,3499,3602,42670
173130,2020-09-17,10500,10600,10200,10200,29465
173130,2020-09-17,3567,3601,3465,3466,29465
173130,2020-09-18,10200,10350,9820,10000,19075
173130,2020-09-18,3465,3516,3336,3398,19075
173130,2020-09-21,10100,10100,9700,9800,31836
173130,2020-09-21,3431,3431,3295,3330,31836
173130,2020-09-22,9800,9800,9150,9400,64191
173130,2020-09-22,3329,3329,3108,3194,64191
173130,2020-09-23,9360,10250,9100,10250,112039
173130,2020-09-23,3180,3482,3091,3483,112039
173130,2020-09-24,10000,10100,9450,9740,67891
173130,2020-09-24,3397,3431,3210,3309,67891
173130,2020-09-25,9760,9900,9540,9550,20693
173130,2020-09-25,3316,3363,3241,3245,20693
173130,2020-09-28,9580,10000,9550,9990,28571
173130,2020-09-28,3254,3397,3244,3394,28571
173130,2020-09-29,10100,10150,9890,9980,30349
173130,2020-09-29,3431,3448,3360,3391,30349
173130,2020-10-05,9980,10000,9810,9890,24151
173130,2020-10-05,3390,3397,3333,3360,24151
173130,2020-10-06,9910,9980,9850,9950,26690
173130,2020-10-06,3367,3390,3346,3381,26690
173130,2020-10-07,9980,10250,9910,10200,30458
173130,2020-10-07,3390,3482,3367,3466,30458
173130,2020-10-08,10250,10350,9900,9990,21804
173130,2020-10-08,3482,3516,3363,3394,21804
173130,2020-10-12,9990,10050,9870,9990,14216
173130,2020-10-12,3394,3414,3353,3394,14216
173130,2020-10-13,9990,10550,9960,10450,52945
173130,2020-10-13,3394,3584,3384,3551,52945
173130,2020-10-14,10350,10450,10050,10100,37941
173130,2020-10-14,3516,3550,3414,3432,37941
173130,2020-10-15,10100,10300,9760,10200,71309
173130,2020-10-15,3431,3499,3316,3466,71309
173130,2020-10-16,10100,10300,9430,9680,77211
173130,2020-10-16,3431,3499,3203,3289,77211
173130,2020-10-19,9680,9680,9220,9250,17812
173130,2020-10-19,3288,3288,3132,3143,17812
173130,2020-10-20,9230,9500,9000,9400,53533
173130,2020-10-20,3136,3227,3057,3194,53533
173130,2020-10-21,9400,9550,9050,9520,16390
173130,2020-10-21,3193,3244,3074,3235,16390
173130,2020-10-22,9520,9580,9300,9380,14750
173130,2020-10-22,3234,3254,3159,3187,14750
173130,2020-10-23,9340,9340,9100,9110,17297
173130,2020-10-23,3173,3173,3091,3095,17297
173130,2020-10-26,9250,10000,9210,9350,51109
173130,2020-10-26,3142,3397,3129,3177,51109
173130,2020-10-27,9300,9770,9300,9710,33545
173130,2020-10-27,3159,3319,3159,3299,33545
173130,2020-10-28,9800,10150,9610,9820,27437
173130,2020-10-28,3329,3448,3265,3337,27437
173130,2020-10-29,9820,9940,9610,9700,18789
173130,2020-10-29,3336,3377,3265,3296,18789
173130,2020-10-30,9710,9740,9400,9400,10989
173130,2020-10-30,3299,3309,3193,3194,10989
173130,2020-11-02,9360,9670,9170,9640,15918
173130,2020-11-02,3180,3285,3115,3275,15918
173130,2020-11-03,9650,9920,9640,9880,38018
173130,2020-11-03,3278,3370,3275,3357,38018
173130,2020-11-04,9890,10150,9880,10150,46903
173130,2020-11-04,3360,3448,3356,3449,46903
173130,2020-11-05,10150,10300,9990,10050,31905
173130,2020-11-05,3448,3499,3394,3415,31905
173130,2020-11-06,10050,10200,9950,10050,29259
173130,2020-11-06,3414,3465,3380,3415,29259
173130,2020-11-09,10150,10550,10050,10300,64909
173130,2020-11-09,3448,3584,3414,3500,64909
173130,2020-11-10,10300,10300,9910,10200,41911
173130,2020-11-10,3499,3499,3367,3466,41911
173130,2020-11-11,10150,10150,9840,10100,76267
173130,2020-11-11,3448,3448,3343,3432,76267
173130,2020-11-12,10100,10450,9860,9930,66944
173130,2020-11-12,3431,3550,3350,3374,66944
173130,2020-11-13,9950,10150,9780,10100,42065
173130,2020-11-13,3380,3448,3322,3432,42065
173130,2020-11-16,10100,10300,9950,9950,44649
173130,2020-11-16,3431,3499,3380,3381,44649
173130,2020-11-17,10050,10050,9700,9960,19803
173130,2020-11-17,3414,3414,3295,3384,19803
173130,2020-11-18,9890,10300,9780,10200,51987
173130,2020-11-18,3360,3499,3322,3466,51987
173130,2020-11-19,10100,10300,10050,10300,40828
173130,2020-11-19,3431,3499,3414,3500,40828
173130,2020-11-20,10300,10600,10000,10450,105179
173130,2020-11-20,3499,3601,3397,3551,105179
173130,2020-11-23,10450,10750,10000,10300,89201
173130,2020-11-23,3550,3652,3397,3500,89201
173130,2020-11-24,10250,10600,10050,10600,84227
173130,2020-11-24,10250,10600,10050,10600,85586
173130,2020-11-24,10250,10600,10050,10600,93006
173130,2020-11-24,3482,3601,3414,3602,93006
173130,2020-11-25,10600,10600,10150,10400,63581
173130,2020-11-25,3601,3601,3448,3534,63581
173130,2020-11-26,10400,10550,10150,10250,60892
173130,2020-11-26,3533,3584,3448,3483,60892
173130,2020-11-27,10250,10450,10200,10400,27415
173130,2020-11-27,3482,3550,3465,3534,27415
173130,2020-11-30,10400,10650,10350,10650,78548
173130,2020-11-30,3533,3618,3516,3619,78548
173130,2020-12-01,10600,10600,10350,10450,28782
173130,2020-12-01,3601,3601,3516,3551,28782
173130,2020-12-02,10450,10600,10300,10550,50315
173130,2020-12-02,3550,3601,3499,3585,50315
173130,2020-12-03,10550,10700,10450,10600,53853
173130,2020-12-03,3584,3635,3550,3602,53853
173130,2020-12-04,10600,10650,10350,10650,69693
173130,2020-12-04,3601,3618,3516,3619,69693
173130,2020-12-07,10650,11700,10550,11300,247995
173130,2020-12-07,3618,3975,3584,3839,247995
173130,2020-12-08,11200,11600,10650,11000,85998
173130,2020-12-08,3805,3941,3618,3737,85998
173130,2020-12-09,11000,11900,11000,11800,150974
173130,2020-12-09,3737,4043,3737,4009,150974
173130,2020-12-10,11850,12200,11500,11900,96683
173130,2020-12-10,4026,4145,3907,4043,96683
173130,2020-12-11,12000,13350,11850,12950,283336
173130,2020-12-11,4077,4535,4026,4400,283336
173130,2020-12-14,12950,15600,12900,14900,623330
173130,2020-12-14,4399,5300,4382,5063,623330
173130,2020-12-15,14950,19300,14800,17300,2376456
173130,2020-12-15,5079,6557,5028,5878,2376456
173130,2020-12-16,17100,17250,16050,16150,419390
173130,2020-12-16,5809,5860,5453,5487,419390
173130,2020-12-17,16150,17300,16150,17000,458896
173130,2020-12-17,5487,5877,5487,5776,458896
173130,2020-12-18,17000,17500,16400,17150,252597
173130,2020-12-18,5776,5945,5572,5827,252597
173130,2020-12-21,16900,17000,16050,16150,274033
173130,2020-12-21,5742,5776,5453,5487,274033
173130,2020-12-22,16150,16150,14650,15050,265120
173130,2020-12-22,5487,5487,4977,5113,265120
173130,2020-12-23,15000,15250,14650,14750,196132
173130,2020-12-23,5096,5181,4977,5012,196132
173130,2020-12-24,14900,17050,14900,16900,717108
173130,2020-12-24,14900,17050,14900,16900,725486
173130,2020-12-24,5062,5793,5062,5742,725486
173130,2020-12-28,16650,18200,16400,17100,532375
173130,2020-12-28,5657,6183,5572,5810,541125
173130,2020-12-29,6600,6800,5950,6030,650695
173130,2020-12-30,6130,6150,5970,6010,167472
173130,2020-12-30,6130,6150,5970,6010,168109
173130,2021-01-04,6010,6010,5520,5700,215242
173130,2021-01-05,5700,5770,5550,5660,157513
